epoch,train_loss,val_loss,val_accuracy,lr
1,0.653784,0.493778,0.850000,1.00e-03
2,0.970545,0.552433,0.900000,1.00e-03
